source,target,user_prob,root_prob
192.168.0.2,192.168.0.3,0.97295,0.95573
192.168.0.2,192.168.0.4,0.20488,0.974315
192.168.0.3,192.168.0.5,0.97295,0.95573
192.168.0.4,192.168.0.5,0.20488,0.974315
192.168.0.4,192.168.0.6,0.00187,0.78701
192.168.0.4,192.168.0.7,0.97289,0.78701
192.168.0.5,192.168.0.8,0.00187,0.78701
192.168.0.5,192.168.0.7,0.97289,0.78701
192.168.0.7,192.168.0.8,0.00187,0.78701
